customer_id,first_name,last_name,email,phone,address,city,state,zip_code,registration_date
1,Denise,Walker,jpeterson@gmail.com,001-410-734-1316x475,16155 Roman Stream Suite 816,New Kellystad,OK,25704,2025-03-25
2,Derek,Zuniga,clarksherri@hotmail.com,(353)828-7101x2269,767 Joseph Gateway,Juliechester,MH,76985,2024-02-09
3,John,King,nathanielmartin@hotmail.com,989-363-8346x578,0154 Brian Wells Apt. 171,East Donna,OH,22144,2023-12-04
4,Gina,Chapman,esanchez@yahoo.com,933.587.2624,65667 Emily Rue,North Richardmouth,AS,14823,2025-06-12
5,Shannon,Pierce,rodney87@gmail.com,(719)639-9091x6998,09805 Brendan Neck Apt. 081,North Brooke,TX,31329,2024-06-15
6,Emily,Baker,samueldaniels@yahoo.com,634-487-4016x40052,841 Joseph Coves,West Juan,IL,94559,2024-05-22
7,Jeffrey,Smith,kimberly69@hotmail.com,(707)633-7543x3036,26025 Pham Way,West Erik,UT,14669,2024-05-06
8,Mrs.,Ross,michaeljones@hotmail.com,001-729-994-6804x4369,148 Estrada Islands Suite 482,South Elizabeth,MS,89278,2024-03-02
9,Daniel,Kennedy,dylanwatts@gmail.com,968.372.7743x48734,28708 Samantha Crossing Suite 278,Stephaniemouth,RI,94777,2025-06-08
10,George,Orozco,wwoods@yahoo.com,+1-280-669-9016x272,8893 Robinson Mews Suite 065,Ramseymouth,PW,17229,2024-02-02
11,Jesse,Rogers,johnwells@gmail.com,+1-866-731-9314x91905,4529 Kimberly Estates,Danieltown,ME,75971,2025-04-23
12,Gloria,Atkinson,nicole37@hotmail.com,367.683.7770,0752 Lewis Union Suite 549,Angelahaven,ID,11722,2025-06-12
13,Dana,Beck,tina34@gmail.com,310.394.7775x2047,0824 Terri Plaza,Heidiberg,SC,99170,2025-10-07
14,Kenneth,Parks,ntorres@gmail.com,844.371.3493,34123 Andrea Estate,South Shannonfort,LA,04779,2025-01-11
15,Susan,Serrano,suzannehuff@hotmail.com,+1-671-875-6551x2567,490 Thomas Run,Moonburgh,OR,57633,2024-01-21
16,Emily,Morris,johnsoncrystal@gmail.com,484-367-7378x2639,8086 Jeffrey Ville,South Staceyberg,NM,94427,2025-02-15
17,Scott,Morgan,zthornton@yahoo.com,(362)717-4596,0289 Kane Well,Garciamouth,AL,95193,2024-10-07
18,Mark,Clay,nguyenbrian@yahoo.com,607-948-2175x946,38692 Gregory Ridge Suite 937,East Steven,KS,60737,2023-12-09
19,James,Webb,courtneyberger@hotmail.com,374-851-7123x685,0952 Renee Islands Suite 232,Alyssaview,MP,22068,2023-12-07
20,Becky,Richardson,paigetaylor@yahoo.com,(285)206-4317x139,261 Gilbert Harbors Apt. 537,Sampsonstad,CT,90374,2024-01-26
21,Cameron,Cunningham,alexistyler@gmail.com,447.300.7661x77115,24026 Julie Mountains Suite 589,South Williamton,VA,86864,2024-05-02
22,Madeline,Kelley,fjones@gmail.com,001-360-749-4519x83273,528 Brenda Points,Elizabethchester,MI,87708,2024-05-13
23,Donald,Perez,vjones@hotmail.com,+1-910-822-9014x767,836 Chavez Estate,Larrymouth,WI,74896,2024-12-11
24,Jose,Reed,opatel@hotmail.com,+1-875-616-1369x681,60607 Michelle Ports Suite 966,Dariustown,MD,23028,2025-02-24
25,Richard,Jones,michelle52@yahoo.com,+1-998-467-9807x935,4490 Romero Inlet Suite 700,Marieland,SD,12336,2023-12-05
26,Rita,Monroe,grantpaul@yahoo.com,(752)981-6850x5423,1925 Ponce Square,Andersonland,ME,73760,2025-01-23
27,Brenda,Jones,tarabishop@hotmail.com,(640)375-8181,83473 Gregory Ports Suite 746,Burchborough,AS,79755,2024-04-17
28,Susan,Hernandez,benjaminlowery@yahoo.com,+1-986-314-3410x369,779 Rebecca Brook,Jasonberg,OH,95821,2025-05-23
29,Kathryn,Herrera,kristina53@hotmail.com,822.917.0430x3054,520 Payne Via,Port Kimberly,NH,91647,2025-04-02
30,Matthew,Mitchell,curtis54@yahoo.com,902.713.5569x092,75705 Hill Turnpike Apt. 165,North Douglas,PA,89379,2025-05-12
31,Billy,Taylor,hmcintyre@yahoo.com,451-588-4422x58313,739 Benson Overpass Apt. 121,Thompsonmouth,CO,89882,2025-01-11
32,Julian,Wood,katrinaanderson@hotmail.com,343-484-2498,242 Marcus Station,West Stacey,NC,37731,2024-10-05
33,Lori,Winters,timothy64@yahoo.com,001-258-681-5371x47321,76773 Lawson Island,Jessicastad,MO,17640,2024-05-03
34,Jason,Estes,williamstroy@hotmail.com,+1-341-468-7849,8016 Nicole Stream Suite 650,Williamsside,ID,48017,2024-10-28
35,Rebecca,Morgan,vewing@yahoo.com,599-230-9728x962,887 Wells Brook Suite 516,Lauratown,PA,62706,2025-02-14
36,Jessica,Barnes,erica49@yahoo.com,341-798-6652x404,8434 Bush Spurs,Stewartstad,OH,95090,2024-06-17
37,Paul,Lewis,richarddonovan@yahoo.com,(972)440-0499x1547,5401 Amanda Stream,East Robertburgh,PW,05264,2025-08-04
38,Robert,Rivera,patrick74@yahoo.com,932.572.7956,5301 Parker Lodge,Hannahport,MN,81061,2025-09-19
39,Linda,Cobb,gdavis@yahoo.com,001-639-810-6518x0170,2867 Angelica Spring,Jenniferfurt,KS,00896,2023-11-19
40,Pamela,Good,opatel@gmail.com,+1-730-528-4395,43106 John Cliff Apt. 907,East Joyfurt,NV,31216,2025-06-26
41,William,Boyd,yhernandez@gmail.com,383-504-6990,34270 Faulkner Point Apt. 634,West Deborah,NV,49138,2025-08-01
42,Sheila,Cook,ugill@gmail.com,485.247.7725x2287,0932 Jose Prairie Suite 423,Jerryshire,MP,32709,2024-03-17
43,Angela,Meyers,hsmith@hotmail.com,001-234-410-1666x870,86211 John River Suite 546,West Susanmouth,OK,32378,2025-05-10
44,Jessica,Mueller,evansanne@hotmail.com,001-499-865-0477x35866,856 Krystal Spurs Apt. 850,South Jesseland,MA,79821,2024-10-07
45,Elizabeth,Wright,lopezshane@hotmail.com,(824)644-7212,01581 Shields Bridge Suite 661,New Adriana,TX,50404,2024-08-05
46,Richard,Ward,zedwards@yahoo.com,837.841.6724x342,356 Velasquez Lock Suite 193,Lake Katrina,AK,95818,2024-06-17
47,Linda,Aguilar,vrasmussen@yahoo.com,(450)771-4611,43888 Sean Lock,Bartonshire,UT,66098,2024-03-14
48,Richard,Boyd,daniellereynolds@gmail.com,737-714-7859x69691,9660 Jamie Terrace,New Cristianside,HI,48446,2024-04-29
49,Robert,Mccarthy,angelaburns@gmail.com,921.990.3404x3842,9050 Taylor Via Suite 887,Cohenchester,VT,58677,2025-06-29
50,Debra,Daniels,kristenli@gmail.com,822-832-5367x294,498 Mario Squares Suite 494,East Sydneychester,PW,08271,2024-08-02
51,Robert,Mack,maria58@hotmail.com,824-315-4152x0643,0017 David Walks Apt. 770,Harrisberg,FM,85697,2024-02-02
52,Karen,Anderson,caseyelliott@hotmail.com,(665)223-4138x999,5326 Heath Corners,East Karenshire,VA,50836,2024-01-25
53,Lawrence,Lopez,rdiaz@gmail.com,+1-589-424-1418,09104 Bill Circle Suite 848,Hendersonfurt,CO,84457,2024-09-04
54,Mark,Davenport,chavezchelsea@yahoo.com,001-710-256-4814x9177,02027 Mills Tunnel,Garyberg,WA,35728,2024-01-28
55,Christopher,Moore,robertcortez@yahoo.com,001-945-718-7053x49493,518 Harry Unions,South Caseymouth,VI,37503,2024-08-19
56,Dr.,DDS,christopher38@yahoo.com,356-455-7431x329,1918 Dana Lock Apt. 990,Batesberg,IA,38731,2025-09-03
57,Julie,Russell,cranemelissa@hotmail.com,+1-319-294-1013x7215,71210 Maria Forges,East Madison,MN,90453,2024-08-07
58,Thomas,Hamilton,rbrown@yahoo.com,+1-530-540-7859x321,83806 Castillo Tunnel Suite 598,Paulburgh,AK,42296,2025-02-25
59,Rick,Mclaughlin,gregory01@gmail.com,8293218515,87059 Lindsay Junctions,Port Megan,MD,08307,2024-06-07
60,Chad,Moore,gregorysmith@hotmail.com,221-857-0433x15410,029 Mccall Ridge Apt. 917,West Julie,IA,45958,2025-08-02
61,Wayne,Wilkerson,george62@hotmail.com,268.884.4431,9970 Dunlap Expressway,Mooreville,MA,27442,2023-12-18
62,Isaac,Patterson,ylopez@yahoo.com,6683687937,47743 Elliott Drive Apt. 158,Arellanoshire,IN,73062,2025-06-03
63,Miguel,Shaw,millerangela@hotmail.com,+1-256-446-7997,709 Rodriguez Drive Apt. 999,North Annaville,WY,37999,2024-11-05
64,Luke,Becker,comptonjeremy@yahoo.com,762.589.0233x03070,4691 Scott View Suite 785,New Laceyland,ME,93505,2025-01-04
65,John,Sanders,ericaadams@yahoo.com,001-846-365-7437x489,072 Carolyn Branch,West Charlene,ME,93921,2024-02-19
66,Mary,Bridges,trujilloleah@hotmail.com,+1-375-984-2824,207 Green Manor Suite 609,West Jessica,IN,90458,2025-10-31
67,Molly,Hansen,kennedyjames@gmail.com,352.450.0743x2927,460 Derrick Flats Suite 697,West Michelle,HI,11093,2024-09-03
68,Jamie,Sanford,evanskelly@hotmail.com,(215)306-4890,2575 Frederick Valleys Suite 033,East Jessica,OR,66644,2024-01-14
69,Ashley,Wallace,kimberlydecker@gmail.com,001-681-714-3744x70120,2087 Haley Orchard Suite 300,North Maryfort,FL,12308,2025-01-16
70,Brian,York,danielhorton@gmail.com,567-701-4508,69797 Cheryl Tunnel,Cherylberg,NJ,64480,2024-06-29
71,Molly,Olson,andreagray@gmail.com,+1-948-783-7550x375,9717 Stewart Parks Apt. 166,New Andrealand,WY,79695,2025-08-19
72,Peter,Walker,daniel60@hotmail.com,001-529-622-1699x58669,7982 Smith Street,New Savannahshire,NJ,67129,2025-03-17
73,Dr.,Anderson,icraig@yahoo.com,880.557.1983,81062 Ellen Flats Suite 244,Port Bryan,WY,39185,2025-03-09
74,Anthony,James,rthompson@gmail.com,6579202590,816 Roy Point,Davidshire,PR,33926,2025-10-02
75,Michael,Fox,patrick16@yahoo.com,+1-713-236-1386x1207,85887 Williams Run Apt. 581,East Teresaside,ND,01461,2025-09-14
76,Cassandra,King,kristin49@gmail.com,7995688143,6072 Derek Lock Suite 245,New Nancyberg,DE,05976,2024-08-21
77,Samuel,Thomas,wlynn@gmail.com,(756)920-5336x452,49135 Hayes Ridges,Heatherberg,OK,74800,2025-02-05
78,Raymond,Tucker,rebeccaarnold@hotmail.com,+1-228-527-2299x275,256 Patricia Radial Suite 278,South Michaeltown,TN,31811,2024-04-12
79,Dennis,Young,lisa57@yahoo.com,+1-813-265-1777x392,272 Chris Row,Jasonburgh,GA,47978,2025-05-14
80,Laura,Martin,kdillon@gmail.com,288.362.9127,292 Jackson Spur Suite 799,East Nicholasberg,CT,02671,2024-01-07
81,Bianca,Munoz,campbellnancy@yahoo.com,+1-994-448-6959x4636,09818 Nicholas Ford,Robertville,FL,56347,2023-12-20
82,John,Hinton,brockmadeline@yahoo.com,443.309.8839x20530,14351 Jenny Locks Suite 902,Gonzalesborough,PR,86600,2025-04-11
83,Harry,Foster,greenrichard@gmail.com,001-735-877-9071x41633,451 Walter Via,Heatherfurt,OK,63891,2024-05-09
84,Adam,Collier,jameswright@hotmail.com,228.746.3920x8678,11790 Melanie Landing,Travisshire,VI,36510,2025-07-07
85,Ricardo,Bryant,vmullen@yahoo.com,722.970.2672,3655 Ramirez Falls Apt. 931,Lindaside,NE,50424,2024-06-26
86,Scott,Williams,tiffanymitchell@yahoo.com,835-454-4964x75987,716 Ford Drive Apt. 569,Sweeneyland,CO,21734,2024-01-15
87,Beth,Young,jerome47@hotmail.com,728.929.9796x884,200 Dalton Islands,Mcdonaldside,KY,72399,2025-09-09
88,Jessica,Diaz,laurakelley@gmail.com,(731)222-4179x74973,3266 Jose Manors Apt. 894,Deborahside,AS,35736,2024-05-13
89,Kimberly,Lopez,christopher20@yahoo.com,376.645.2088,87234 Clayton Crossing Apt. 673,East Stevenville,NC,87795,2025-09-17
90,Cristian,Clay,ericdavis@hotmail.com,6659240778,52812 Hall Point,Lindamouth,VA,25793,2024-02-01
91,Kimberly,Morris,osmith@hotmail.com,(394)256-5118,95935 Dominique Plain,Leefort,WI,72782,2024-09-04
92,Amanda,Rodriguez,yshort@hotmail.com,001-828-386-1957,014 Shirley Path Apt. 138,Lopezhaven,TN,33106,2024-06-17
93,Krista,Wagner,bduran@hotmail.com,490-382-4043x3504,836 Ward Mission,Moyertown,VA,05044,2024-10-31
94,Brittney,Baker,nichole66@gmail.com,001-632-806-7998x136,906 Kevin Canyon,Amberberg,MD,66351,2025-03-22
95,Angela,Duncan,gail91@gmail.com,652.211.0392,5535 Wheeler Burg Suite 259,Hansonmouth,AZ,31104,2025-08-23
96,Brian,Cole,jonesdonna@hotmail.com,245.676.2055x54384,04636 Rebecca Oval Apt. 238,Castrotown,AZ,32927,2024-08-24
97,Robert,Johnson,shane23@hotmail.com,001-656-564-7423x12209,48262 Lonnie Point,East Lonnieberg,VA,04365,2024-03-20
98,Allison,Miller,dwatts@gmail.com,403.947.6447x26490,96569 Abigail Mission Suite 038,Terrellton,OH,51278,2024-08-28
99,Jonathan,White,gacosta@hotmail.com,(912)930-9407,602 Cunningham Shoals Apt. 222,South Kylemouth,LA,82611,2024-08-16
100,Katherine,Robinson,mark10@gmail.com,856-516-8147x21458,49998 Tammy Summit,Sarahland,WI,39730,2024-04-25
